[{"model": "people.person", "pk": 2, "fields": {"prefix": "", "first_name": "Andrew", "middle_name": "N.S.", "last_name": "Ernest", "suffix": "", "credentials": "Ph.D., P.E., BCEE, D.WRE", "address": null, "avatar": "avatars/ernest-portrait.jpg"}}, {"model": "people.person", "pk": 3, "fields": {"prefix": "", "first_name": "Jodi", "middle_name": "E.", "last_name": "Lees", "suffix": "", "credentials": "", "address": null, "avatar": "avatars/lees-portrait.jpg"}}, {"model": "people.person", "pk": 5, "fields": {"prefix": "", "first_name": "James", "middle_name": "S.", "last_name": "Bonner", "suffix": "", "credentials": "Ph.D., P.E.", "address": null, "avatar": ""}}, {"model": "people.organization", "pk": 1, "fields": {"name": "University of Texas Rio Grande Valley", "abbreviation": "UTRGV", "address": 9}}, {"model": "people.organization", "pk": 2, "fields": {"name": "Department of Civil Engineering", "abbreviation": "CIVE", "address": null}}, {"model": "people.organization", "pk": 3, "fields": {"name": "Environmental Institute", "abbreviation": "EI", "address": null}}, {"model": "people.organization", "pk": 4, "fields": {"name": "University of Alabama", "abbreviation": "UA", "address": 15}}, {"model": "people.organization", "pk": 5, "fields": {"name": "Ogden College of Science & Engineering", "abbreviation": "OCSE", "address": null}}, {"model": "people.organization", "pk": 6, "fields": {"name": "Western Kentucky University", "abbreviation": "WKU", "address": 14}}, {"model": "people.organization", "pk": 7, "fields": {"name": "Center for Water Resource Studies", "abbreviation": "CWRS", "address": null}}, {"model": "people.organization", "pk": 8, "fields": {"name": "School of Graduate and Continuing Studies", "abbreviation": "SGS", "address": null}}, {"model": "people.organization", "pk": 9, "fields": {"name": "Norwich University", "abbreviation": "NU", "address": 13}}, {"model": "people.organization", "pk": 10, "fields": {"name": "Research on Sustainability of Semi-Arid Coastal Areas", "abbreviation": "RESSACA", "address": null}}, {"model": "people.organization", "pk": 11, "fields": {"name": "Texas A&M University - Kingsville", "abbreviation": "TAMUK", "address": 12}}, {"model": "people.organization", "pk": 12, "fields": {"name": "South Texas Environmental Institute", "abbreviation": "STEI", "address": null}}, {"model": "people.organization", "pk": 13, "fields": {"name": "Environmental Engineering", "abbreviation": "EVEN", "address": null}}, {"model": "people.organization", "pk": 14, "fields": {"name": "Civil Engineering", "abbreviation": "CVEN", "address": null}}, {"model": "people.organization", "pk": 15, "fields": {"name": "Texas A&M University", "abbreviation": "TAMU", "address": 11}}, {"model": "people.organization", "pk": 16, "fields": {"name": "Civil Engineering", "abbreviation": "CVEN", "address": null}}, {"model": "people.organization", "pk": 17, "fields": {"name": "Indian Institute of Science", "abbreviation": "IIS", "address": 10}}, {"model": "people.organization", "pk": 18, "fields": {"name": "Mechanical Engineering", "abbreviation": "ME", "address": null}}, {"model": "people.organization", "pk": 19, "fields": {"name": "Open Environment, PLLC", "abbreviation": "OpenEnv", "address": 9}}, {"model": "people.organization", "pk": 20, "fields": {"name": "Finance and Administration", "abbreviation": "F&A", "address": null}}, {"model": "people.organization", "pk": 21, "fields": {"name": "Research and Engineering", "abbreviation": "R&E", "address": null}}, {"model": "people.organization", "pk": 22, "fields": {"name": "Ernest & Sons, Civil & Environmental Engineering Consultants", "abbreviation": "E&S", "address": 8}}, {"model": "people.organization", "pk": 23, "fields": {"name": "South Texas", "abbreviation": "ST", "address": null}}, {"model": "people.organization", "pk": 24, "fields": {"name": "Self", "abbreviation": "Self", "address": 7}}, {"model": "people.organization", "pk": 25, "fields": {"name": "Consulting", "abbreviation": "Consulting", "address": null}}, {"model": "people.organization", "pk": 26, "fields": {"name": "University of Southwestern Louisiana", "abbreviation": "USL", "address": 16}}, {"model": "people.organization", "pk": 27, "fields": {"name": "Civil Engineering", "abbreviation": "CE", "address": 16}}, {"model": "people.organization", "pk": 28, "fields": {"name": "Accounting", "abbreviation": "ACCT", "address": 17}}, {"model": "people.organization", "pk": 29, "fields": {"name": "Texas Board of Professional Engineers", "abbreviation": "TBPE", "address": 8}}, {"model": "people.organization", "pk": 30, "fields": {"name": "State of Texas", "abbreviation": "TX", "address": 8}}, {"model": "people.organization", "pk": 31, "fields": {"name": "Kentucky Board of Professional Engineers & Land Surveyors", "abbreviation": "KBOELS", "address": 18}}, {"model": "people.organization", "pk": 32, "fields": {"name": "State of Kentucky", "abbreviation": "KY", "address": 18}}, {"model": "people.organization", "pk": 33, "fields": {"name": "American Academy of Environmental Engineers and Scientists", "abbreviation": "AAEES", "address": 19}}, {"model": "people.organization", "pk": 34, "fields": {"name": "American Academy of Water Resource Engineers", "abbreviation": "AAWRE", "address": 20}}, {"model": "people.organization", "pk": 35, "fields": {"name": "Kentucky Water Resources Research Institute", "abbreviation": "KWRRI", "address": 21}}, {"model": "people.organization", "pk": 36, "fields": {"name": "University of Kentucky", "abbreviation": "UKy", "address": 21}}, {"model": "people.organization", "pk": 37, "fields": {"name": "Office of Sponsored Programs", "abbreviation": "OSP", "address": 14}}, {"model": "people.organization", "pk": 38, "fields": {"name": "Who\u2019s Who Among America\u2019s Teachers", "abbreviation": "WWAAT", "address": null}}, {"model": "people.organization", "pk": 39, "fields": {"name": "Center for Distance Learning", "abbreviation": "CDL", "address": 12}}, {"model": "people.relationship", "pk": 3, "fields": {"from_organization": 1, "to_organization": 2, "type": 1}}, {"model": "people.relationship", "pk": 4, "fields": {"from_organization": 4, "to_organization": 3, "type": 1}}, {"model": "people.relationship", "pk": 5, "fields": {"from_organization": 6, "to_organization": 5, "type": 1}}, {"model": "people.relationship", "pk": 6, "fields": {"from_organization": 5, "to_organization": 7, "type": 1}}, {"model": "people.relationship", "pk": 7, "fields": {"from_organization": 9, "to_organization": 8, "type": 1}}, {"model": "people.relationship", "pk": 8, "fields": {"from_organization": 11, "to_organization": 10, "type": 1}}, {"model": "people.relationship", "pk": 9, "fields": {"from_organization": 11, "to_organization": 13, "type": 1}}, {"model": "people.relationship", "pk": 10, "fields": {"from_organization": 11, "to_organization": 12, "type": 1}}, {"model": "people.relationship", "pk": 11, "fields": {"from_organization": 11, "to_organization": 14, "type": 1}}, {"model": "people.relationship", "pk": 12, "fields": {"from_organization": 15, "to_organization": 16, "type": 1}}, {"model": "people.relationship", "pk": 13, "fields": {"from_organization": 17, "to_organization": 18, "type": 1}}, {"model": "people.relationship", "pk": 14, "fields": {"from_organization": 19, "to_organization": 20, "type": 1}}, {"model": "people.relationship", "pk": 15, "fields": {"from_organization": 19, "to_organization": 21, "type": 1}}, {"model": "people.relationship", "pk": 16, "fields": {"from_organization": 22, "to_organization": 23, "type": 1}}, {"model": "people.relationship", "pk": 17, "fields": {"from_organization": 26, "to_organization": 27, "type": 1}}, {"model": "people.relationship", "pk": 18, "fields": {"from_organization": 15, "to_organization": 28, "type": 1}}, {"model": "people.relationship", "pk": 19, "fields": {"from_organization": 30, "to_organization": 29, "type": 1}}, {"model": "people.relationship", "pk": 20, "fields": {"from_organization": 32, "to_organization": 31, "type": 1}}, {"model": "people.relationship", "pk": 21, "fields": {"from_organization": 36, "to_organization": 35, "type": 1}}, {"model": "people.relationship", "pk": 22, "fields": {"from_organization": 6, "to_organization": 37, "type": 1}}, {"model": "people.relationship", "pk": 23, "fields": {"from_organization": 11, "to_organization": 39, "type": 1}}, {"model": "people.education", "pk": 1, "fields": {"student": 2, "advisor": 5, "start_date": "1986-09-01", "end_date": "1991-12-31", "institution": 15, "department": 16, "degree": "Ph.D.", "major": "Civil Engineering", "thesis_type": "Dissertation", "thesis_title": "Mathematical Model of Particle Mediated Transport in Aquatic Systems", "description": ""}}, {"model": "people.education", "pk": 2, "fields": {"student": 2, "advisor": null, "start_date": "1984-05-01", "end_date": "1985-05-31", "institution": 26, "department": 27, "degree": "M.S.", "major": "Civil Engineering", "thesis_type": null, "thesis_title": null, "description": ""}}, {"model": "people.education", "pk": 3, "fields": {"student": 2, "advisor": null, "start_date": "1980-01-01", "end_date": "1984-05-31", "institution": 26, "department": 27, "degree": "B.S.", "major": "Civil Engineering", "thesis_type": null, "thesis_title": null, "description": ""}}, {"model": "people.education", "pk": 4, "fields": {"student": 3, "advisor": null, "start_date": "1990-09-01", "end_date": "1991-12-31", "institution": 15, "department": 28, "degree": "B.B.A.", "major": "Accounting", "thesis_type": null, "thesis_title": null, "description": ""}}, {"model": "people.license", "pk": 4, "fields": {"licensee": 2, "start_date": "1998-02-13", "end_date": "2017-12-31", "licensor": 30, "department": 29, "license_name": "Professional Engineer", "license_abbreviation": "P.E.", "license_id": "83476", "description": "Environmental Engineering"}}, {"model": "people.license", "pk": 5, "fields": {"licensee": 2, "start_date": "2006-07-25", "end_date": "2017-06-30", "licensor": 32, "department": 31, "license_name": "Professional Engineer", "license_abbreviation": "P.E.", "license_id": "24824", "description": ""}}, {"model": "people.license", "pk": 6, "fields": {"licensee": 2, "start_date": "2003-11-03", "end_date": null, "licensor": 33, "department": null, "license_name": "Board Certified Environmental Engineer", "license_abbreviation": "BCEE", "license_id": "02-20050", "description": "Specialty Certification in Water Supply & Wastewater"}}, {"model": "people.license", "pk": 7, "fields": {"licensee": 2, "start_date": "1900-01-01", "end_date": null, "licensor": 34, "department": null, "license_name": "Diplomate Water Resource Engineer", "license_abbreviation": "D.WRE", "license_id": "", "description": ""}}, {"model": "people.appointment", "pk": 1, "fields": {"incumbent": 2, "supervisor": null, "start_date": "2016-05-16", "end_date": null, "organization": 1, "department": 2, "rank": "Professor", "position": "Chair", "description": "", "appointment_type": "academic"}}, {"model": "people.appointment", "pk": 2, "fields": {"incumbent": 2, "supervisor": null, "start_date": "2012-07-16", "end_date": "2016-05-15", "organization": 4, "department": 3, "rank": "Professor", "position": "Director", "description": "Mentor faculty within the Institute, assisting in their continuous development and ultimate recognition as excellent researchers, scholars, and educators. Take a leadership role in the College of Engineering in regards to research development, scholarship, graduate student advising, and graduate instruction.  Encourage, develop, and maintain an extensive collaborative center research portfolio for the Institute as documented by published scholarly papers, graduated Ph.D. students, and external funding.", "appointment_type": "academic"}}, {"model": "people.appointment", "pk": 3, "fields": {"incumbent": 2, "supervisor": null, "start_date": "2003-07-01", "end_date": "2012-07-15", "organization": 6, "department": 5, "rank": "Professor", "position": "Associate Dean", "description": "Professor, Civil Engineering. Associate Dean, Ogden College of Science & Engineering. Undergraduate curriculum review and coordination. Space allocation and utilization assessment and planning. Development of academic environmental programs.", "appointment_type": "academic"}}, {"model": "people.appointment", "pk": 4, "fields": {"incumbent": 2, "supervisor": null, "start_date": "2003-07-01", "end_date": "2012-07-15", "organization": 5, "department": 7, "rank": "Professor", "position": "Director", "description": "Manage overall direction of Center. Direct the Development of Technologies for Water Resource Management. Provide Technical Assistance and Capacity Development support of regional Water Resource Management Agencies.\\n\r\n\r\n* Technical, Financial & Managerial (TFM) capacity development support for small drinking water systems\r\n* Software development & deployment for drinking water, wastewater and watershed/water quality management\r\n* Training for small & medium sized water & wastewater systems\r\n* Developed & Deployed Water Expert system software for water distribution system decontamination, modeling & economic consequence analysis of service disruptions\r\n* Developed & Deployed  Water Training Institute (WTI), online academic and operator certification training program for water & wastewater systems", "appointment_type": "academic"}}, {"model": "people.appointment", "pk": 5, "fields": {"incumbent": 2, "supervisor": null, "start_date": "2009-09-01", "end_date": null, "organization": 9, "department": 8, "rank": "Adjunct Faculty", "position": "Instructor", "description": "Teach On-Line Course for Master of Civil Engineering Program.", "appointment_type": "academic"}}, {"model": "people.appointment", "pk": 6, "fields": {"incumbent": 2, "supervisor": null, "start_date": "2002-01-01", "end_date": "2003-06-30", "organization": 11, "department": 10, "rank": "Associate Professor", "position": "Director", "description": "Center For Research Excellence in Science and Technology, Funded by the National Science Foundation at Texas A&M University -Kingsville.", "appointment_type": "academic"}}, {"model": "people.appointment", "pk": 7, "fields": {"incumbent": 2, "supervisor": null, "start_date": "2001-01-01", "end_date": "2003-06-30", "organization": 11, "department": 12, "rank": "Associate Professor", "position": "Director", "description": "Founding Director of Institute. Promulgated service mission by establishing points-of-presence in regional population centers. Organized effort to increase Environmental Programs extramurally funded activities to over $2.5 Million annually. Conceived and implemented Institute\u2019s initial 5-year Strategic Plan.", "appointment_type": "academic"}}, {"model": "people.appointment", "pk": 8, "fields": {"incumbent": 2, "supervisor": null, "start_date": "1998-01-01", "end_date": "2003-01-01", "organization": 11, "department": 13, "rank": "Associate Professor", "position": "Chair", "description": "Expanded the existing M.S. program to a Ph.D. in Environmental Engineering. Established the South Texas Environmental Institute. Sought ABET EC 2000 accreditation for the M.S. program in Environmental Engineering. Expanded South Texas Environmental Conference Series to Rio Grande/Rio Bravo and Coastal Bend. Expanded groupware services (MS Exchange) for facilitation of Department/Program growth. Established M.S. Environmental Engineering program course offerings via Internet. Established scientific and stakeholder advisory councils for continued program growth expansion into other service areas. Established South Texas Occupational Safety & Health Council.", "appointment_type": "academic"}}, {"model": "people.appointment", "pk": 9, "fields": {"incumbent": 2, "supervisor": null, "start_date": "1992-01-01", "end_date": "1998-01-01", "organization": 11, "department": 13, "rank": "Assistant Professor", "position": "", "description": "Founding Director of Operations for the Coastal Oilspill Simulation System. Established the South Texas Environmental Conference Series. Established South Texas component of Texas A&M University System Ph.D. Pipeline Program. Directed computing & network services for Ph.D. Pipeline Program. Established 1st website at Texas A&M University - Kingsville. Offered 1st Internet/Online Course at Texas A&M University -Kingsville. Implemented groupware services (MS Exchange) for research group growth.", "appointment_type": "academic"}}, {"model": "people.appointment", "pk": 10, "fields": {"incumbent": 2, "supervisor": null, "start_date": "1991-09-01", "end_date": "1992-01-01", "organization": 11, "department": 14, "rank": "Assistant Professor", "position": "", "description": "Taught 1st Engineering Distance Learning course on Texas A&M University System TTVN network.", "appointment_type": "academic"}}, {"model": "people.appointment", "pk": 11, "fields": {"incumbent": 2, "supervisor": null, "start_date": "1991-01-01", "end_date": "1991-08-31", "organization": 15, "department": 16, "rank": "Assistant Instructor", "position": "", "description": "Taught graduate level course on Mathematical Modeling of Water Quality", "appointment_type": "academic"}}, {"model": "people.appointment", "pk": 12, "fields": {"incumbent": 2, "supervisor": null, "start_date": "1987-09-01", "end_date": "1990-12-31", "organization": 15, "department": 16, "rank": "Graduate Research Assistant", "position": "", "description": "Mathematical Model of Particle Mediated Transport in Aquatic Systems Environmental, Ocean and Water Resources Division VAX Systems Administrator Developed particle mediated transport model for New Bedford Harbor, MA, PCB remediation site. Developed PARMEST parameter estimation framework. Developed model for simulation of advective/dispersive transport in vertical mixing columns. Developed coagulation/flocculation/settling/resuspension model for particle transport in mixed columns. Incorporated sorption/desorption processes into model.", "appointment_type": "academic"}}, {"model": "people.appointment", "pk": 13, "fields": {"incumbent": 2, "supervisor": null, "start_date": "1987-01-10", "end_date": "1987-08-31", "organization": 15, "department": 16, "rank": "Modeler", "position": "", "description": "Water Quality Model of the Environmental Response of Aquatic Macrophytes. Developed waste-load allocation model for Lower Colorado River in Austin, TX. Work completed for the Texas Water Commission -Technical Report \"Water Quality Model of the Environmental Response of Aquatic Macrophytes\".", "appointment_type": "academic"}}, {"model": "people.appointment", "pk": 14, "fields": {"incumbent": 2, "supervisor": null, "start_date": "1986-09-01", "end_date": "1986-12-31", "organization": 15, "department": 16, "rank": "Graduate Teaching Assistant", "position": "", "description": "Taught junior-level fluid Dynamics Laboratory Course.", "appointment_type": "academic"}}, {"model": "people.appointment", "pk": 15, "fields": {"incumbent": 2, "supervisor": null, "start_date": "1985-05-31", "end_date": "1986-08-31", "organization": 17, "department": 18, "rank": "Independent Research Associate", "position": "", "description": "Investigated the application of the Boundary Integral Equation Method for groundwater contaminant transport modeling.", "appointment_type": "academic"}}, {"model": "people.appointment", "pk": 16, "fields": {"incumbent": 3, "supervisor": null, "start_date": "2009-09-01", "end_date": null, "organization": 19, "department": 20, "rank": "", "position": "Chief Financial Officer", "description": "", "appointment_type": "professional"}}, {"model": "people.appointment", "pk": 17, "fields": {"incumbent": 2, "supervisor": null, "start_date": "2009-09-01", "end_date": null, "organization": 19, "department": 21, "rank": "President", "position": "Chief Executive Officer", "description": "Technology Development and Environmental Engineering Support Services - a technology startup committed to excellence in the provision of products and services that enhance the capacity of individuals and organizations to improve the quality of our environment. Open Environment is a hybrid Technology Development and Support company specializing in technologically-appropriate and cost-effective holistic solutions for a broad range of applications for both the natural and engineered environments.\r\n\r\n* Environmental Impact Assessment\r\n* Preliminary evaluation & design of line expansions for water & wastewater utilities\r\n* Developed & Deployed Water Wizard decision support system of water resource managers\r\n* Developed candidate evaluation instruments for technical classifications for one of the largest water reclamation systems in the country", "appointment_type": "professional"}}, {"model": "people.appointment", "pk": 18, "fields": {"incumbent": 2, "supervisor": null, "start_date": "2005-01-01", "end_date": null, "organization": 22, "department": 23, "rank": "", "position": "Partner", "description": "Civil and Environmental Engineering Consulting Services. Environmental Informatics Technology Development. Founder, Open Engineering Initiative.\r\n\r\n* Modeled & evaluated in-stream aeration strategies for segment of the Arroyo Colorado in the Lower Rio Grande Valley", "appointment_type": "professional"}}, {"model": "people.appointment", "pk": 20, "fields": {"incumbent": 2, "supervisor": null, "start_date": "1985-01-01", "end_date": "1986-01-01", "organization": 24, "department": 25, "rank": "", "position": "Programmer", "description": "Developed structural analysis code (STRAN) included in Structural Analysis textbook by R.C. Hibbeler.", "appointment_type": "professional"}}, {"model": "people.honor", "pk": 3, "fields": {"honoree": 2, "date": "2012-01-01", "honoror": 36, "department": 35, "honor_name": "Bill Barfield Award", "honor_abbreviation": "", "honor_id": "", "description": "For Outstanding Contributions in Water Resources Research, KentuckyWater Resources Research Institute"}}, {"model": "people.honor", "pk": 4, "fields": {"honoree": 2, "date": "2007-01-01", "honoror": 6, "department": 37, "honor_name": "Most Prolific Proposal Writer", "honor_abbreviation": "", "honor_id": "", "description": ""}}, {"model": "people.honor", "pk": 5, "fields": {"honoree": 2, "date": "2008-01-01", "honoror": 6, "department": 37, "honor_name": "Most Prolific Proposal Writer", "honor_abbreviation": "", "honor_id": "", "description": ""}}, {"model": "people.honor", "pk": 6, "fields": {"honoree": 2, "date": "2002-01-01", "honoror": 38, "department": null, "honor_name": "Who\u2019s Who Among America\u2019s Teachers", "honor_abbreviation": "WWAAT", "honor_id": "", "description": ""}}, {"model": "people.honor", "pk": 7, "fields": {"honoree": 2, "date": "2004-01-01", "honoror": 38, "department": null, "honor_name": "Who\u2019s Who Among America\u2019s Teachers", "honor_abbreviation": "WWAAT", "honor_id": "", "description": ""}}, {"model": "people.honor", "pk": 8, "fields": {"honoree": 2, "date": "2005-01-01", "honoror": 38, "department": null, "honor_name": "Who\u2019s Who Among America\u2019s Teachers", "honor_abbreviation": "WWAAT", "honor_id": "", "description": ""}}, {"model": "people.honor", "pk": 9, "fields": {"honoree": 2, "date": "2004-11-18", "honoror": 6, "department": null, "honor_name": "Million Dollar Grant Club", "honor_abbreviation": "", "honor_id": "", "description": "Member"}}, {"model": "people.honor", "pk": 10, "fields": {"honoree": 2, "date": "2002-01-01", "honoror": 11, "department": null, "honor_name": "Years of Service Award", "honor_abbreviation": "", "honor_id": "", "description": ""}}, {"model": "people.honor", "pk": 11, "fields": {"honoree": 2, "date": "1999-01-01", "honoror": 11, "department": 39, "honor_name": "Appreciation of Support", "honor_abbreviation": "", "honor_id": "", "description": ""}}]